Afghanistan,1
Albania,1
Algeria,1
Andorra,1
Angola,1
Argentina,1
Armenia,1
Australia,1
Austria,1
The Bahamas,1
Bahrain,1
Bangladesh,1
Barbados,1
Belgium,1
Bhutan,1
Bolivia,1
Brazil,1
Bulgaria,1
Cambodia,1
Cameroon,1
Canada,1
Chile,1
China,1
Colombia,1
Comoros,1
Costa Rica,1
Croatia,1
Cuba,1
Cyprus,1
Czech Republic,1
Denmark,1
Dominica,1
Ecuador,1
Egypt,1
Estonia,1
Ethiopia,1
Fiji,1
Finland,1
France,1
Georgia,1
Germany,1
Ghana,1
Greece,1
Guinea,1
Haiti,1
Honduras,1
Hungary,1
Iceland,1
India,1
Indonesia,1
Iran,1
Iraq,1
Ireland,1
Israel,1
Italy,1
Jamaica,1
Japan,1
Jordan,1
Kazakhstan,1
Kenya,1
Kuwait,1
Liberia,1
Libya,1
Lithuania,1
Luxembourg,1
Madagascar,1
Malawi,1
Malaysia,1
Maldives,1
Mali,1
Malta,1
Mexico,1
Monaco,1
Mongolia,1
Morocco,1
Myanmar,1
Namibia,1
Nepal,1
Netherlands,1
New Zealand,1
Nigeria,1
Norway,1
Oman,1
Pakistan,1
Palau,1
Panama,1
Paraguay,1
Peru,1
Philippines,1
Poland,1
Portugal,1
Qatar,1
Romania,1
Russia,1
Rwanda,1
San Marino,1
Saudi Arabia,1
Senegal,1
Serbia,1
Singapore,1
Slovenia,1
Somalia,1
Slovakia,1
South Africa,1
Spain,1
Sri Lanka,1
Sudan,1
Sweden,1
Switzerland,1
Taiwan,1
Tajikistan,1
Thailand,1
Tonga,1
Tunisia,1
Turkey,1
Uganda,1
Ukraine,1
United Kingdom,1
United States,1
Uruguay,1
Uzbekistan,1
Vatican City,1
Venezuela,1
Vietnam,1
Yemen,1
Zambia,1
Zimbabwe,1
