acura,1
adidas,1
adobe,1
after effects,1
airbnb,1
Allianz,1
amazon,1
AMD,1
android,1
apple,1
aston martin,1
at&t,1
Audi,1
Avengers,1
bacardi,1
bank of america,1
Baskin Robbins,1
batman,1
Beats Audio,1
bentley,1
bing,1
bluetooth,1
bmw,1
Boeing,1
bosch,1
bridge,1
brilliance,1
buffer,1
bugatti,1
buick,1
cardillac,1
Calvin Klein,1
Carrefour,1
Caterpillar,1
chanel,1
changan,1
character animator,1
Chase,1
Chevrolet,1
chrome,1
citroen,1
creative market,1
Dairy Queen,1
debian,1
delicious,1
deviantart,1
Discovery,1
DODGE,1
Dominos,1
Dongfeng,1
dove,1
dribbble,1
dropbox,1
dunlop,1
envato,1
Ericsson,1
etsy,1
experience design,1
facebook,1
faw,1
ferrari,1
Fila,1
firefox,1
flickr,1
Formula 1,1
foursquare,1
Geely,1
General Electric,1
general motors,1
google plus,1
google,1
great wall,1
Hallmark,1
hello kitty,1
honda,1
howcast,1
hp,1
hsbc,1
hyundai,1
icq,1
illustrator,1
incopy,1
indesign,1
infiniti,1
instagram,1
Jaguar,1
kfc,1
kikstarter,1
kodak,1
lacoste,1
lamborghini,1
lexus,1
lg,1
linkedin,1
linux,1
louis vuitton,1
maserati,1
Mastercard,1
maybach,1
mazda,1
mcdonalds,1
medium,1
mercedes benz,1
michelin,1
mickey mouse,1
Microsoft,1
mini cooper,1
mitsubishi,1
Mont blanc,1
Motorola,1
msn,1
Myspace,1
nasa,1
National Geographic,1
nbc,1
Nestle,1
Nike,1
nintendo 64,1
nvidia,1
Ola,1
ola,1
Omega,1
opel,1
Opera,1
pan american,1
path,1
paypal,1
pepsi,1
periscope,1
peugeot,1
Philips,1
photoshop,1
Picasa,1
pinterest,1
pizza hut,1
plaxo,1
playboy,1
porsche,1
Procter and Gamble,1
Puma,1
Quora,1
ralph lauren,1
red bull,1
reddit,1
reebok,1
renault,1
roblox circle,1
Roewe,1
rolex,1
rolls royce,1
rover,1
safari,1
Santander,1
scribd,1
Seat,1
shell,1
shutterstock,1
Skoda,1
skype,1
smart,1
snapchat,1
soundcloud,1
spark,1
speedgrade,1
spotify,1
starbucks,1
Stumbleupon,1
subaru,1
Sun microsystems,1
Superman,1
suzuki,1
target,1
tesla,1
Texaco,1
Thomson Reuters,1
Tommy Hilfiger,1
toyata,1
trello,1
tumblr,1
twitter,1
Ubuntu,1
unicef,1
unilever,1
Vanamo,1
Vauxhall,1
Versace,1
vimeo,1
vine,1
Vodafone,1
volkswagen,1
whatsapp,1
wikipedia,1
Wikipedia,1
woolmark,1
wordpress,1
wwf,1
xerox,1
yamaha,1
yelp,1
youtube,1
